,Product,Quantity,Price,Grocery Store,Neighborhood,City
0,1,1.0,390.0,1,15,3
1,1,1.0,69.9,1,9,1
2,1,1.0,200.0,1,13,3
3,1,1.0,280.0,1,11,3
4,1,1.0,306.6666666666667,1,14,3
5,1,1.0,384.6153846153846,1,12,3
6,1,1.0,69.9,1,8,1
7,1,1.0,86.0,1,8,1
8,1,1.0,72.4,1,8,1
9,1,1.0,60.0,1,7,1
10,1,1.0,69.0,1,8,1
11,1,1.0,50.0,1,2,1
12,1,1.0,84.0,1,2,1
13,1,1.0,120.0,1,7,1
14,1,1.0,69.9,1,7,1
15,1,1.0,80.0,2,7,1
16,1,1.0,69.0,2,1,1
17,1,1.0,99.0,2,9,1
18,1,1.0,98.7,2,3,1
19,1,1.0,54.0,2,8,1
20,1,1.0,159.0,2,7,1
21,1,1.0,137.63470255207324,3,10,2
22,1,1.0,273.9025379636325,3,10,2
23,1,1.0,74.99,4,1,1
26,1,1.0,79.99,4,1,1
27,1,1.0,69.99,4,1,1
28,1,1.0,79.99,4,7,1
29,1,1.0,54.0,4,3,1
30,1,1.0,73.99,4,6,1
31,1,1.0,159.0,4,7,1
32,1,1.0,80.0,4,6,1
33,1,1.0,75.0,4,4,1
34,1,1.0,79.99,4,8,1
35,1,1.0,330.0,5,5,3
36,1,1.0,1380.0,5,5,3
37,1,1.0,180.95238095238096,5,11,3
38,1,1.0,230.0,5,15,3
39,1,1.0,460.0,5,5,3
40,1,1.0,227.27272727272728,1,15,3
41,1,1.0,86.0,1,9,1
42,1,1.0,153.84615384615384,1,13,3
43,1,1.0,406.89655172413796,1,11,3
44,1,1.0,493.33333333333337,1,14,3
45,1,1.0,226.5625,1,12,3
46,1,1.0,86.0,1,8,1
47,1,1.0,69.0,1,8,1
48,1,1.0,76.0,1,8,1
50,1,1.0,50.0,1,8,1
51,1,1.0,89.9,1,2,1
52,1,1.0,69.0,1,2,1
53,1,1.0,86.0,1,7,1
56,1,1.0,89.0,2,1,1
58,1,1.0,54.0,2,3,1
59,1,1.0,98.0,2,8,1
60,1,1.0,54.0,2,7,1
61,1,1.0,320.7067144041341,3,10,2
62,1,1.0,342.7309123617701,3,10,2
69,1,1.0,70.0,4,3,1
71,1,1.0,54.0,4,7,1
73,1,1.0,74.0,4,4,1
74,1,1.0,99.99,4,8,1
75,1,1.0,345.0,5,5,3
76,1,1.0,349.99999999999994,5,5,3
77,1,1.0,316.1290322580645,5,11,3
78,1,1.0,260.0,5,15,3
79,1,1.0,593.3333333333334,5,5,3
80,1,1.0,176.47058823529412,1,15,3
81,1,1.0,50.0,1,9,1
82,1,1.0,222.85714285714286,1,13,3
83,1,1.0,130.0,1,11,3
84,1,1.0,520.0,1,14,3
85,1,1.0,325.0,1,12,3
86,1,1.0,120.0,1,8,1
87,1,1.0,50.0,1,8,1
91,1,1.0,86.0,1,2,1
93,1,1.0,69.9,1,7,1
96,1,1.0,159.0,2,1,1
98,1,1.0,72.0,2,3,1
101,1,1.0,342.7309123617701,3,10,2
102,1,1.0,275.2914513483483,3,10,2
109,1,1.0,51.0,4,3,1
115,1,1.0,398.33333333333337,5,5,3
116,1,1.0,211.11111111111111,5,5,3
117,1,1.0,265.38461538461536,5,11,3
118,1,1.0,349.99999999999994,5,15,3
119,1,1.0,115.0,5,5,3
120,2,1.0,100.0,1,15,3
121,2,1.0,94.9,1,9,1
122,2,1.0,100.0,1,13,3
123,2,1.0,130.0,1,11,3
124,2,1.0,100.0,1,14,3
125,2,1.0,99.09909909909909,1,12,3
126,2,1.0,94.9,1,8,1
127,2,1.0,94.0,1,8,1
128,2,1.0,102.1,1,8,1
129,2,1.0,99.0,1,7,1
130,2,1.0,94.9,1,8,1
131,2,1.0,94.9,1,2,1
132,2,1.0,94.0,1,2,1
133,2,1.0,94.9,1,7,1
134,2,1.0,94.9,1,7,1
135,2,1.0,84.0,2,7,1
136,2,1.0,84.0,2,1,1
137,2,1.0,99.0,2,9,1
138,2,1.0,84.0,2,3,1
139,2,1.0,84.0,2,8,1
140,2,1.0,84.0,2,7,1
141,2,1.0,108.7320764034639,3,10,2
142,2,1.0,108.7320764034639,3,10,2
146,2,1.0,94.99,4,1,1
147,2,1.0,94.99,4,1,1
148,2,1.0,95.0,4,7,1
149,2,1.0,84.0,4,3,1
150,2,1.0,101.49,4,6,1
151,2,1.0,99.0,4,7,1
152,2,1.0,95.0,4,6,1
153,2,1.0,93.0,4,4,1
154,2,1.0,75.99,4,8,1
155,2,1.0,142.85714285714283,5,5,3
156,2,1.0,98.0,5,5,3
157,2,1.0,140.0,5,11,3
158,2,1.0,140.0,5,15,3
159,2,1.0,140.0,5,5,3
160,2,1.0,138.0,1,15,3
162,2,1.0,186.66666666666669,1,13,3
163,2,1.0,178.0,1,11,3
164,2,1.0,118.0,1,14,3
165,2,1.0,118.0,1,12,3
178,2,1.0,92.0,2,3,1
181,2,1.0,136.2678354115593,3,10,2
182,2,1.0,136.2678354115593,3,10,2
189,2,1.0,70.0,4,3,1
193,2,1.0,95.0,4,4,1
196,2,1.0,193.33333333333334,5,5,3
199,2,1.0,196.66666666666669,5,5,3
200,2,1.0,118.0,1,15,3
202,2,1.0,150.0,1,13,3
218,2,1.0,84.0,2,3,1
221,2,1.0,136.2678354115593,3,10,2
229,2,1.0,92.0,4,3,1
236,2,1.0,140.0,5,5,3
240,10,1.0,130.0,1,15,3
241,10,1.0,84.9,1,9,1
242,10,1.0,1380.0,1,13,3
243,10,1.0,236.0,1,11,3
244,10,1.0,196.66666666666669,1,14,3
245,10,1.0,236.0,1,12,3
246,10,1.0,84.9,1,8,1
247,10,1.0,84.9,1,8,1
248,10,1.0,91.4,1,8,1
249,10,1.0,110.0,1,7,1
250,10,1.0,30.0,1,8,1
251,10,1.0,84.9,1,2,1
253,10,1.0,84.9,1,7,1
254,10,1.0,84.9,1,7,1
255,10,1.0,99.0,2,7,1
256,10,1.0,99.0,2,1,1
257,10,1.0,109.0,2,9,1
258,10,1.0,110.0,2,3,1
259,10,1.0,110.0,2,8,1
260,10,1.0,110.0,2,7,1
261,10,1.0,549.1939893119809,3,10,2
262,10,1.0,328.9740559798233,3,10,2
263,10,1.0,92.99,4,1,1
266,10,1.0,92.99,4,1,1
267,10,1.0,95.99,4,1,1
268,10,1.0,87.0,4,7,1
269,10,1.0,109.0,4,3,1
270,10,1.0,92.99,4,6,1
271,10,1.0,109.0,4,7,1
272,10,1.0,16.0,4,6,1
273,10,1.0,15.0,4,4,1
274,10,1.0,95.99,4,8,1
275,10,1.0,316.0,5,5,3
276,10,1.0,173.33333333333334,5,5,3
277,10,1.0,395.55555555555554,5,11,3
278,10,1.0,220.0,5,15,3
279,10,1.0,300.0,5,5,3
280,10,1.0,236.0,1,15,3
282,10,1.0,196.66666666666669,1,13,3
283,10,1.0,550.0,1,11,3
284,10,1.0,130.0,1,14,3
285,10,1.0,326.6666666666667,1,12,3
286,10,1.0,84.9,1,8,1
288,10,1.0,84.6,1,8,1
291,10,1.0,104.9,1,2,1
293,10,1.0,349.0,1,7,1
294,10,1.0,104.9,1,7,1
295,10,1.0,139.0,2,7,1
296,10,1.0,109.0,2,1,1
297,10,1.0,110.0,2,9,1
298,10,1.0,98.0,2,3,1
301,10,1.0,342.7309123617701,3,10,2
302,10,1.0,549.1939893119809,3,10,2
303,10,1.0,92.99,4,1,1
306,10,1.0,188.99,4,1,1
307,10,1.0,92.99,4,1,1
309,10,1.0,95.0,4,3,1
310,10,1.0,104.99,4,6,1
314,10,1.0,101.0,4,8,1
315,10,1.0,236.0,5,5,3
316,10,1.0,440.0,5,5,3
317,10,1.0,220.0,5,11,3
319,10,1.0,280.0,5,5,3
322,10,1.0,556.0,1,13,3
323,10,1.0,380.64516129032256,1,11,3
324,10,1.0,326.6666666666667,1,14,3
325,10,1.0,222.22222222222223,1,12,3
326,10,1.0,199.0,1,8,1
331,10,1.0,239.0,1,2,1
333,10,1.0,239.0,1,7,1
335,10,1.0,109.0,2,7,1
336,10,1.0,139.0,2,1,1
337,10,1.0,118.0,2,9,1
338,10,1.0,115.0,2,3,1
341,10,1.0,549.1939893119809,3,10,2
342,10,1.0,549.1939893119809,3,10,2
349,10,1.0,120.0,4,3,1
355,10,1.0,272.0,5,5,3
356,10,1.0,306.6666666666667,5,5,3
359,10,1.0,220.0,5,5,3
360,8,1.0,110.0,1,15,3
361,8,1.0,26.0,1,9,1
362,8,1.0,118.0,1,13,3
363,8,1.0,110.28037383177569,1,11,3
364,8,1.0,590.0,1,14,3
365,8,1.0,110.0,1,12,3
366,8,1.0,54.9,1,8,1
367,8,1.0,26.0,1,8,1
368,8,1.0,35.0,1,8,1
369,8,1.0,33.0,1,7,1
370,8,1.0,26.0,1,8,1
371,8,1.0,178.5,1,2,1
372,8,1.0,35.0,1,2,1
373,8,1.0,183.0,1,7,1
374,8,1.0,26.0,1,7,1
375,8,1.0,44.0,2,7,1
376,8,1.0,39.0,2,1,1
377,8,1.0,29.0,2,9,1
378,8,1.0,29.0,2,3,1
379,8,1.0,35.0,2,8,1
380,8,1.0,29.0,2,7,1
381,8,1.0,273.9025379636325,3,10,2
382,8,1.0,82.32067584966227,3,10,2
383,8,1.0,34.99,4,1,1
386,8,1.0,34.99,4,1,1
387,8,1.0,34.99,4,1,1
388,8,1.0,34.99,4,7,1
389,8,1.0,0.034482758620689655,4,3,1
390,8,1.0,34.99,4,6,1
391,8,1.0,89.9,4,7,1
392,8,1.0,35.0,4,6,1
393,8,1.0,35.0,4,4,1
394,8,1.0,208.19444444444446,4,8,1
395,8,1.0,196.66666666666669,5,5,3
396,8,1.0,184.6153846153846,5,5,3
397,8,1.0,184.6153846153846,5,11,3
398,8,1.0,196.66666666666669,5,15,3
399,8,1.0,196.66666666666669,5,5,3
400,8,1.0,118.0,1,15,3
401,8,1.0,55.0,1,9,1
403,8,1.0,276.0,1,11,3
404,8,1.0,130.0,1,14,3
405,8,1.0,118.0,1,12,3
406,8,1.0,183.0,1,8,1
408,8,1.0,49.8,1,8,1
411,8,1.0,228.0,1,2,1
413,8,1.0,122.0,1,7,1
415,8,1.0,26.0,2,7,1
416,8,1.0,55.0,2,1,1
418,8,1.0,39.0,2,3,1
421,8,1.0,177.56045080160146,3,10,2
422,8,1.0,229.85414204836064,3,10,2
429,8,1.0,24.0,4,3,1
431,8,1.0,29.0,4,7,1
434,8,1.0,24.665000000000003,4,8,1
435,8,1.0,130.0,5,5,3
436,8,1.0,147.5,5,5,3
439,8,1.0,163.33333333333334,5,5,3
440,8,1.0,118.18181818181819,1,15,3
441,8,1.0,54.9,1,9,1
443,8,1.0,162.5,1,11,3
445,8,1.0,130.0,1,12,3
446,8,1.0,26.0,1,8,1
448,8,1.0,35.0,1,8,1
451,8,1.0,192.72727272727272,1,2,1
455,8,1.0,58.0,2,7,1
458,8,1.0,58.0,2,3,1
461,8,1.0,688.2176052487698,3,10,2
462,8,1.0,229.85414204836064,3,10,2
469,8,1.0,31.0,4,3,1
474,8,1.0,114.14285714285715,4,8,1
475,8,1.0,90.0,5,5,3
476,8,1.0,196.66666666666669,5,5,3
479,8,1.0,138.0,5,5,3
480,6,1.0,78.0,1,15,3
481,6,1.0,46.0,1,9,1
483,6,1.0,80.0,1,11,3
484,6,1.0,78.0,1,14,3
485,6,1.0,78.0,1,12,3
486,6,1.0,46.0,1,8,1
487,6,1.0,33.0,1,8,1
488,6,1.0,57.0,1,8,1
489,6,1.0,49.0,1,7,1
490,6,1.0,45.0,1,8,1
491,6,1.0,132.0,1,2,1
492,6,1.0,62.0,1,2,1
493,6,1.0,52.0,1,7,1
494,6,1.0,64.0,1,7,1
495,6,1.0,40.0,2,7,1
496,6,1.0,83.0,2,1,1
497,6,1.0,52.0,2,9,1
498,6,1.0,62.65,2,3,1
499,6,1.0,46.0,2,8,1
500,6,1.0,49.0,2,7,1
503,6,1.0,40.69,4,1,1
504,6,1.0,54.99,4,6,1
505,6,1.0,49.99,4,9,1
506,6,1.0,133.98,4,1,1
507,6,1.0,33.0,4,1,1
508,6,1.0,65.0,4,7,1
509,6,1.0,35.0,4,3,1
510,6,1.0,40.69,4,6,1
511,6,1.0,49.0,4,7,1
512,6,1.0,67.0,4,6,1
513,6,1.0,65.3,4,4,1
514,6,1.0,64.99,4,8,1
515,6,1.0,210.0,5,5,3
516,6,1.0,118.0,5,5,3
517,6,1.0,120.0,5,11,3
518,6,1.0,120.0,5,15,3
519,6,1.0,162.35294117647058,5,5,3
520,6,1.0,106.0,1,15,3
521,6,1.0,33.0,1,9,1
523,6,1.0,230.0,1,11,3
525,6,1.0,130.0,1,12,3
526,6,1.0,34.7,1,8,1
527,6,1.0,46.0,1,8,1
528,6,1.0,42.5,1,8,1
529,6,1.0,33.0,1,7,1
531,6,1.0,79.0,1,2,1
532,6,1.0,65.0,1,2,1
533,6,1.0,49.0,1,7,1
534,6,1.0,49.0,1,7,1
535,6,1.0,77.5,2,7,1
536,6,1.0,80.0,2,1,1
537,6,1.0,46.0,2,9,1
538,6,1.0,35.0,2,3,1
539,6,1.0,33.0,2,8,1
540,6,1.0,46.0,2,7,1
544,6,1.0,51.99,4,6,1
545,6,1.0,52.0,4,9,1
546,6,1.0,125.28,4,1,1
547,6,1.0,51.99,4,1,1
548,6,1.0,70.0,4,7,1
549,6,1.0,41.0,4,3,1
550,6,1.0,54.5,4,6,1
551,6,1.0,46.0,4,7,1
552,6,1.0,73.89,4,6,1
553,6,1.0,75.0,4,4,1
554,6,1.0,79.99,4,8,1
555,6,1.0,120.0,5,5,3
556,6,1.0,162.39999999999998,5,5,3
557,6,1.0,140.0,5,11,3
558,6,1.0,110.0,5,15,3
559,6,1.0,140.0,5,5,3
560,6,1.0,78.0,1,15,3
561,6,1.0,54.9,1,9,1
563,6,1.0,138.0,1,11,3
565,6,1.0,190.0,1,12,3
566,6,1.0,49.0,1,8,1
567,6,1.0,52.0,1,8,1
568,6,1.0,32.2,1,8,1
569,6,1.0,86.0,1,7,1
571,6,1.0,68.0,1,2,1
573,6,1.0,65.0,1,7,1
574,6,1.0,46.0,1,7,1
575,6,1.0,64.0,2,7,1
576,6,1.0,66.89,2,1,1
578,6,1.0,56.0,2,3,1
580,6,1.0,57.0,2,7,1
584,6,1.0,45.99,4,6,1
585,6,1.0,45.99,4,9,1
587,6,1.0,54.99,4,1,1
589,6,1.0,29.0,4,3,1
591,6,1.0,76.0,4,7,1
592,6,1.0,82.0,4,6,1
593,6,1.0,70.0,4,4,1
594,6,1.0,85.49,4,8,1
595,6,1.0,118.0,5,5,3
597,6,1.0,240.0,5,11,3
599,6,1.0,118.0,5,5,3
600,9,1.0,106.0,1,15,3
601,9,1.0,53.5,1,9,1
603,9,1.0,105.0,1,11,3
605,9,1.0,247.5,1,12,3
606,9,1.0,56.0,1,8,1
607,9,1.0,53.0,1,8,1
608,9,1.0,56.0,1,8,1
609,9,1.0,140.0,1,7,1
610,9,1.0,64.0,1,8,1
611,9,1.0,206.66666666666666,1,2,1
612,9,1.0,66.0,1,2,1
613,9,1.0,53.0,1,7,1
614,9,1.0,74.0,1,7,1
615,9,1.0,54.0,2,7,1
616,9,1.0,53.5,2,1,1
617,9,1.0,73.0,2,9,1
619,9,1.0,53.3,2,8,1
620,9,1.0,62.0,2,7,1
621,9,1.0,550.6269951851002,3,10,2
622,9,1.0,275.13712763893545,3,10,2
623,9,1.0,59.99,4,1,1
624,9,1.0,59.98,4,6,1
625,9,1.0,74.99,4,9,1
626,9,1.0,53.56,4,1,1
627,9,1.0,74.99,4,1,1
628,9,1.0,60.0,4,7,1
630,9,1.0,53.5,4,6,1
631,9,1.0,87.0,4,7,1
632,9,1.0,68.3,4,6,1
633,9,1.0,68.0,4,4,1
634,9,1.0,124.99,4,8,1
635,9,1.0,253.34,5,5,3
637,9,1.0,200.0,5,11,3
639,9,1.0,191.2,5,5,3
640,9,1.0,198.0,1,15,3
641,9,1.0,61.0,1,9,1
643,9,1.0,200.0,1,11,3
645,9,1.0,264.0,1,12,3
646,9,1.0,66.2,1,8,1
647,9,1.0,76.0,1,8,1
648,9,1.0,54.4,1,8,1
649,9,1.0,59.0,1,7,1
650,9,1.0,54.0,1,8,1
651,9,1.0,214.66666666666666,1,2,1
653,9,1.0,64.0,1,7,1
654,9,1.0,53.5,1,7,1
655,9,1.0,53.5,2,7,1
656,9,1.0,66.0,2,1,1
657,9,1.0,59.0,2,9,1
659,9,1.0,72.0,2,8,1
661,9,1.0,482.1954531825958,3,10,2
662,9,1.0,158.73295825323197,3,10,2
663,9,1.0,67.98,4,1,1
664,9,1.0,76.99,4,6,1
665,9,1.0,68.29,4,9,1
666,9,1.0,66.5,4,1,1
667,9,1.0,66.99,4,1,1
668,9,1.0,65.0,4,7,1
670,9,1.0,76.99,4,6,1
671,9,1.0,96.0,4,7,1
672,9,1.0,75.0,4,6,1
673,9,1.0,72.3,4,4,1
674,9,1.0,56.99,4,8,1
675,9,1.0,183.2,5,5,3
677,9,1.0,196.0,5,11,3
679,9,1.0,139.0,5,5,3
680,9,1.0,220.0,1,15,3
681,9,1.0,54.5,1,9,1
683,9,1.0,300.0,1,11,3
685,9,1.0,153.33333333333334,1,12,3
686,9,1.0,53.0,1,8,1
687,9,1.0,60.0,1,8,1
688,9,1.0,61.7,1,8,1
689,9,1.0,41.0,1,7,1
690,9,1.0,66.0,1,8,1
691,9,1.0,146.0,1,2,1
693,9,1.0,82.0,1,7,1
694,9,1.0,74.0,1,7,1
695,9,1.0,54.5,2,7,1
696,9,1.0,54.3,2,1,1
697,9,1.0,66.0,2,9,1
699,9,1.0,68.0,2,8,1
701,9,1.0,275.13712763893545,3,10,2
702,9,1.0,220.10970211114835,3,10,2
703,9,1.0,49.99,4,1,1
704,9,1.0,53.5,4,6,1
705,9,1.0,49.99,4,9,1
706,9,1.0,76.99,4,1,1
707,9,1.0,67.98,4,1,1
710,9,1.0,66.0,4,6,1
711,9,1.0,59.0,4,7,1
712,9,1.0,53.5,4,6,1
713,9,1.0,70.0,4,4,1
714,9,1.0,98.49,4,8,1
715,9,1.0,112.66,5,5,3
717,9,1.0,178.0,5,11,3
719,9,1.0,238.66666666666666,5,5,3
720,7,1.0,177.6103336921421,1,15,3
721,7,1.0,40.25,1,9,1
722,7,1.0,182.79569892473117,1,13,3
723,7,1.0,180.79999999999998,1,11,3
724,7,1.0,181.04366347177847,1,14,3
725,7,1.0,174.47495961227787,1,12,3
726,7,1.0,45.0,1,8,1
727,7,1.0,51.0,1,8,1
728,7,1.0,45.77,1,8,1
729,7,1.0,70.0,1,7,1
730,7,1.0,69.0,1,8,1
731,7,1.0,69.0,1,2,1
732,7,1.0,66.0,1,2,1
733,7,1.0,40.25,1,7,1
734,7,1.0,65.0,1,7,1
735,7,1.0,69.0,2,7,1
736,7,1.0,40.25,2,1,1
737,7,1.0,60.0,2,9,1
738,7,1.0,60.0,2,3,1
739,7,1.0,65.0,2,8,1
740,7,1.0,65.0,2,7,1
741,7,1.0,1998.0,3,10,2
742,7,1.0,135.25622601315365,3,10,2
743,7,1.0,52.49,4,1,1
744,7,1.0,68.99,4,6,1
745,7,1.0,44.29,4,9,1
746,7,1.0,68.99,4,1,1
747,7,1.0,40.25,4,1,1
748,7,1.0,46.0,4,7,1
749,7,1.0,45.0,4,3,1
750,7,1.0,49.99,4,6,1
751,7,1.0,70.0,4,7,1
752,7,1.0,52.5,4,6,1
753,7,1.0,52.5,4,4,1
754,7,1.0,244.0,4,8,1
755,7,1.0,179.4,5,5,3
756,7,1.0,160.21505376344086,5,5,3
757,7,1.0,180.0,5,11,3
758,7,1.0,182.8,5,15,3
759,7,1.0,241.37931034482762,5,5,3
760,7,1.0,173.3979536887453,1,15,3
761,7,1.0,51.9,1,9,1
762,7,1.0,180.57142857142858,1,13,3
763,7,1.0,168.39999999999998,1,11,3
764,7,1.0,170.0,1,14,3
765,7,1.0,107.78443113772455,1,12,3
766,7,1.0,66.0,1,8,1
767,7,1.0,65.0,1,8,1
768,7,1.0,51.99,1,8,1
769,7,1.0,49.0,1,7,1
770,7,1.0,59.0,1,8,1
771,7,1.0,49.9,1,2,1
773,7,1.0,65.0,1,7,1
774,7,1.0,49.0,1,7,1
775,7,1.0,60.0,2,7,1
776,7,1.0,65.0,2,1,1
777,7,1.0,65.0,2,9,1
778,7,1.0,45.0,2,3,1
779,7,1.0,73.0,2,8,1
780,7,1.0,70.0,2,7,1
781,7,1.0,1332.0,3,10,2
782,7,1.0,135.25622601315365,3,10,2
783,7,1.0,40.25,4,1,1
784,7,1.0,52.99,4,6,1
785,7,1.0,45.99,4,9,1
786,7,1.0,64.99,4,1,1
787,7,1.0,44.29,4,1,1
789,7,1.0,29.0,4,3,1
790,7,1.0,68.99,4,6,1
791,7,1.0,49.0,4,7,1
792,7,1.0,40.3,4,6,1
793,7,1.0,40.3,4,4,1
794,7,1.0,68.99,4,8,1
795,7,1.0,182.8,5,5,3
796,7,1.0,166.0,5,5,3
797,7,1.0,170.0,5,11,3
798,7,1.0,174.4,5,15,3
799,7,1.0,187.10359408033827,5,5,3
800,7,1.0,168.38235294117646,1,15,3
801,7,1.0,218.5,1,9,1
802,7,1.0,179.4871794871795,1,13,3
803,7,1.0,151.4,1,11,3
804,7,1.0,174.47495961227787,1,14,3
805,7,1.0,168.0,1,12,3
806,7,1.0,56.0,1,8,1
807,7,1.0,57.0,1,8,1
808,7,1.0,53.2,1,8,1
809,7,1.0,56.0,1,7,1
810,7,1.0,67.0,1,8,1
811,7,1.0,45.0,1,2,1
813,7,1.0,71.0,1,7,1
815,7,1.0,65.0,2,7,1
816,7,1.0,69.0,2,1,1
817,7,1.0,67.0,2,9,1
818,7,1.0,70.0,2,3,1
819,7,1.0,60.0,2,8,1
821,7,1.0,915.6666666666666,3,10,2
822,7,1.0,183.61032681285607,3,10,2
823,7,1.0,68.99,4,1,1
824,7,1.0,64.99,4,6,1
825,7,1.0,31.99,4,9,1
826,7,1.0,52.99,4,1,1
827,7,1.0,44.99,4,1,1
829,7,1.0,67.0,4,3,1
830,7,1.0,53.1,4,6,1
831,7,1.0,56.0,4,7,1
832,7,1.0,44.3,4,6,1
833,7,1.0,44.3,4,4,1
834,7,1.0,52.4,4,8,1
835,7,1.0,178.6,5,5,3
836,7,1.0,0.17447495961227788,5,5,3
837,7,1.0,174.4,5,11,3
838,7,1.0,182.8,5,15,3
839,7,1.0,189.21775898520085,5,5,3
840,3,1.0,814.977973568282,1,15,3
841,3,1.0,545.0,1,9,1
842,3,1.0,1050.0,1,13,3
843,3,1.0,1050.0,1,11,3
844,3,1.0,1550.0,1,14,3
845,3,1.0,1100.0,1,12,3
846,3,1.0,525.0,1,8,1
847,3,1.0,710.0,1,8,1
848,3,1.0,505.0,1,8,1
849,3,1.0,535.0,1,7,1
850,3,1.0,620.0,1,8,1
851,3,1.0,505.0,1,2,1
853,3,1.0,605.0,1,7,1
854,3,1.0,380.0,1,7,1
855,3,1.0,625.0,2,7,1
856,3,1.0,690.0,2,1,1
857,3,1.0,750.0,2,9,1
858,3,1.0,629.5,2,3,1
859,3,1.0,545.0,2,8,1
860,3,1.0,650.0,2,7,1
861,3,1.0,806.0106880191892,3,10,2
862,3,1.0,660.6818462406744,3,10,2
863,3,1.0,489.98,4,1,1
864,3,1.0,504.95,4,6,1
865,3,1.0,469.94999999999993,4,9,1
866,3,1.0,599.95,4,1,1
867,3,1.0,532.9,4,1,1
869,3,1.0,695.0,4,3,1
870,3,1.0,589.94,4,6,1
871,3,1.0,495.0,4,7,1
872,3,1.0,750.0,4,6,1
873,3,1.0,740.0,4,4,1
874,3,1.0,495.0,4,8,1
875,3,1.0,1626.0000000000002,5,5,3
876,3,1.0,1600.0,5,5,3
877,3,1.0,850.0,5,11,3
878,3,1.0,1400.0,5,15,3
879,3,1.0,1600.0,5,5,3
880,3,1.0,1000.0,1,15,3
881,3,1.0,525.0,1,9,1
882,3,1.0,1520.0,1,13,3
883,3,1.0,820.0,1,11,3
884,3,1.0,814.977973568282,1,14,3
885,3,1.0,1550.0,1,12,3
886,3,1.0,545.0,1,8,1
887,3,1.0,560.0,1,8,1
888,3,1.0,605.34,1,8,1
889,3,1.0,470.0,1,7,1
890,3,1.0,470.0,1,8,1
891,3,1.0,470.0,1,2,1
893,3,1.0,835.0,1,7,1
894,3,1.0,470.0,1,7,1
895,3,1.0,650.0,2,7,1
896,3,1.0,623.5,2,1,1
897,3,1.0,525.0,2,9,1
898,3,1.0,900.0,2,3,1
899,3,1.0,623.0,2,8,1
900,3,1.0,570.0,2,7,1
901,3,1.0,935.8189738796099,3,10,2
902,3,1.0,935.8189738796099,3,10,2
903,3,1.0,497.45,4,1,1
904,3,1.0,526.9,4,6,1
905,3,1.0,749.8999999999999,4,9,1
906,3,1.0,532.9,4,1,1
907,3,1.0,498.45,4,1,1
909,3,1.0,700.0,4,3,1
910,3,1.0,532.9,4,6,1
911,3,1.0,750.0,4,7,1
912,3,1.0,623.45,4,6,1
913,3,1.0,620.0,4,4,1
914,3,1.0,850.0,4,8,1
915,3,1.0,1700.0,5,5,3
916,3,1.0,1080.0,5,5,3
917,3,1.0,1150.0,5,11,3
918,3,1.0,1700.0,5,15,3
919,3,1.0,1080.0,5,5,3
920,3,1.0,1360.0,1,15,3
921,3,1.0,680.0,1,9,1
922,3,1.0,819.3832599118944,1,13,3
923,3,1.0,1000.0,1,11,3
925,3,1.0,814.977973568282,1,12,3
926,3,1.0,505.0,1,8,1
927,3,1.0,690.0,1,8,1
928,3,1.0,634.4,1,8,1
929,3,1.0,495.0,1,7,1
930,3,1.0,835.0,1,8,1
931,3,1.0,835.0,1,2,1
933,3,1.0,620.0,1,7,1
934,3,1.0,525.0,1,7,1
935,3,1.0,470.0,2,7,1
936,3,1.0,650.0,2,1,1
937,3,1.0,650.0,2,9,1
938,3,1.0,860.0,2,3,1
939,3,1.0,650.0,2,8,1
941,3,1.0,825.7641228240357,3,10,2
942,3,1.0,806.0106880191892,3,10,2
943,3,1.0,532.9,4,1,1
944,3,1.0,498.45,4,6,1
945,3,1.0,690.0,4,9,1
946,3,1.0,690.0,4,1,1
947,3,1.0,149.98,4,1,1
949,3,1.0,76.5,4,3,1
950,3,1.0,548.41,4,6,1
951,3,1.0,535.0,4,7,1
953,3,1.0,640.6,4,4,1
954,3,1.0,1100.0,4,8,1
955,3,1.0,2544.0,5,5,3
956,3,1.0,900.0,5,5,3
957,3,1.0,1060.0,5,11,3
958,3,1.0,814.977973568282,5,15,3
959,3,1.0,1150.0,5,5,3
960,5,1.0,15.0,1,15,3
961,5,1.0,9.83,1,9,1
962,5,1.0,14.4,1,13,3
963,5,1.0,18.75,1,11,3
964,5,1.0,27.0,1,14,3
965,5,1.0,490.9090909090909,1,12,3
966,5,1.0,12.5,1,8,1
967,5,1.0,16.833333333333332,1,8,1
968,5,1.0,9.83,1,8,1
969,5,1.0,9.0,1,7,1
970,5,1.0,9.83,1,8,1
971,5,1.0,8.416666666666666,1,2,1
972,5,1.0,12.083333333333334,1,2,1
973,5,1.0,10.0,1,7,1
974,5,1.0,11.166666666666666,1,7,1
975,5,1.0,15.483333333333334,2,7,1
976,5,1.0,15.416666666666666,2,1,1
977,5,1.0,9.83,2,9,1
978,5,1.0,9.83,2,3,1
979,5,1.0,12.91,2,8,1
980,5,1.0,16.583333333333332,2,7,1
981,5,1.0,25.96166666666667,3,10,2
982,5,1.0,31.165000000000003,3,10,2
983,5,1.0,9.83,4,1,1
984,5,1.0,9.165833333333333,4,6,1
985,5,1.0,11.331666666666665,4,9,1
986,5,1.0,9.83,4,1,1
987,5,1.0,12.331666666666665,4,1,1
988,5,1.0,11.166666666666666,4,7,1
989,5,1.0,14.92,4,3,1
990,5,1.0,12.69,4,6,1
991,5,1.0,13.166666666666666,4,7,1
992,5,1.0,9.166666666666666,4,6,1
993,5,1.0,9.166666666666666,4,4,1
994,5,1.0,9.165833333333333,4,8,1
995,5,1.0,19.0,5,5,3
996,5,1.0,13.8,5,5,3
997,5,1.0,25.0,5,11,3
998,5,1.0,15.8,5,15,3
999,5,1.0,295.45454545454544,5,5,3
1000,5,1.0,12.4,1,15,3
1001,5,1.0,9.17,1,9,1
1002,5,1.0,17.0,1,13,3
1003,5,1.0,27.0,1,11,3
1004,5,1.0,23.8,1,14,3
1005,5,1.0,450.0,1,12,3
1006,5,1.0,10.25,1,8,1
1007,5,1.0,13.9,1,8,1
1008,5,1.0,10.55,1,8,1
1009,5,1.0,10.833333333333334,1,7,1
1010,5,1.0,11.0,1,8,1
1011,5,1.0,10.25,1,2,1
1012,5,1.0,12.916666666666666,1,2,1
1013,5,1.0,17.333333333333332,1,7,1
1014,5,1.0,17.333333333333332,1,7,1
1015,5,1.0,9.833333333333334,2,7,1
1016,5,1.0,12.083333333333334,2,1,1
1017,5,1.0,13.17,2,9,1
1018,5,1.0,14.97,2,3,1
1019,5,1.0,14.83,2,8,1
1020,5,1.0,27.416666666666668,2,7,1
1021,5,1.0,25.96166666666667,3,10,2
1022,5,1.0,25.96166666666667,3,10,2
1023,5,1.0,9.17,4,1,1
1024,5,1.0,12.331666666666665,4,6,1
1025,5,1.0,9.833333333333334,4,9,1
1026,5,1.0,9.17,4,1,1
1027,5,1.0,11.331666666666665,4,1,1
1028,5,1.0,9.166666666666666,4,7,1
1029,5,1.0,13.15,4,3,1
1030,5,1.0,9.83,4,6,1
1031,5,1.0,15.0,4,7,1
1032,5,1.0,12.333333333333334,4,6,1
1033,5,1.0,9.166666666666666,4,4,1
1034,5,1.0,11.331666666666665,4,8,1
1035,5,1.0,9.6,5,5,3
1036,5,1.0,9.6,5,5,3
1037,5,1.0,19.34,5,11,3
1038,5,1.0,15.8,5,15,3
1039,5,1.0,230.0,5,5,3
1040,5,1.0,10.4,1,15,3
1041,5,1.0,10.25,1,9,1
1042,5,1.0,17.0,1,13,3
1043,5,1.0,28.0,1,11,3
1044,5,1.0,17.0,1,14,3
1045,5,1.0,675.0,1,12,3
1046,5,1.0,8.416666666666666,1,8,1
1050,5,1.0,7.86,1,8,1
1051,5,1.0,10.133333333333333,1,2,1
1053,5,1.0,13.333333333333334,1,7,1
1054,5,1.0,1.5,1,7,1
1055,5,1.0,13.816666666666668,2,7,1
1056,5,1.0,8.25,2,1,1
1057,5,1.0,14.02,2,9,1
1058,5,1.0,12.3,2,3,1
1059,5,1.0,14.91,2,8,1
1060,5,1.0,14.916666666666666,2,7,1
1061,5,1.0,15.556666666666667,3,10,2
1062,5,1.0,15.556666666666667,3,10,2
1063,5,1.0,11.33,4,1,1
1066,5,1.0,12.33,4,1,1
1067,5,1.0,9.833333333333334,4,1,1
1069,5,1.0,18.22,4,3,1
1071,5,1.0,14.083333333333334,4,7,1
1072,5,1.0,10.0,4,6,1
1074,5,1.0,12.331666666666665,4,8,1
1075,5,1.0,15.8,5,5,3
1076,5,1.0,10.6,5,5,3
1077,5,1.0,17.8,5,11,3
1078,5,1.0,17.8,5,15,3
1079,5,1.0,263.33333333333337,5,5,3
1080,4,1.0,460.0,1,15,3
1081,4,1.0,239.9,1,9,1
1082,4,1.0,460.0,1,13,3
1083,4,1.0,1326.6666666666667,1,11,3
1084,4,1.0,433.33333333333337,1,14,3
1085,4,1.0,433.33333333333337,1,12,3
1086,4,1.0,259.9,1,8,1
1087,4,1.0,296.0,1,8,1
1088,4,1.0,260.4,1,8,1
1089,4,1.0,372.0,1,7,1
1090,4,1.0,259.0,1,8,1
1091,4,1.0,229.0,1,2,1
1092,4,1.0,116.0,1,2,1
1093,4,1.0,124.9,1,7,1
1094,4,1.0,124.90514905149053,1,7,1
1095,4,1.0,293.9,2,7,1
1096,4,1.0,372.0,2,1,1
1097,4,1.0,372.0,2,9,1
1098,4,1.0,372.0,2,3,1
1099,4,1.0,372.0,2,8,1
1100,4,1.0,216.0,2,7,1
1101,4,1.0,1237.4115945607505,3,10,2
1102,4,1.0,1237.4115945607505,3,10,2
1103,4,1.0,312.9,4,1,1
1104,4,1.0,188.9,4,6,1
1106,4,1.0,312.9,4,1,1
1107,4,1.0,312.9,4,1,1
1109,4,1.0,372.0,4,3,1
1110,4,1.0,339.99,4,6,1
1111,4,1.0,372.00607902735567,4,7,1
1112,4,1.0,312.9,4,6,1
1113,4,1.0,310.0,4,4,1
1114,4,1.0,338.90000000000003,4,8,1
1115,4,1.0,1237.5,5,5,3
1116,4,1.0,632.0,5,5,3
1117,4,1.0,540.0,5,11,3
1118,4,1.0,712.0,5,15,3
1119,4,1.0,498.40255591054313,5,5,3
1120,4,1.0,500.0,1,15,3
1121,4,1.0,304.9,1,9,1
1122,4,1.0,600.0,1,13,3
1123,4,1.0,1266.6666666666667,1,11,3
1124,4,1.0,460.0,1,14,3
1125,4,1.0,460.0,1,12,3
1126,4,1.0,304.9,1,8,1
1127,4,1.0,204.0,1,8,1
1128,4,1.0,277.9,1,8,1
1131,4,1.0,189.0,1,2,1
1133,4,1.0,198.9,1,7,1
1134,4,1.0,204.89534883720933,1,7,1
1135,4,1.0,348.9,2,7,1
1138,4,1.0,401.0,2,3,1
1141,4,1.0,549.1939893119809,3,10,2
1142,4,1.0,549.1939893119809,3,10,2
1149,4,1.0,369.0,4,3,1
1151,4,1.0,179.8973607038123,4,7,1
1153,4,1.0,280.5,4,4,1
1154,4,1.0,333.22499999999997,4,8,1
1155,4,1.0,632.0,5,5,3
1156,4,1.0,560.0,5,5,3
1157,4,1.0,500.0,5,11,3
1158,4,1.0,1187.5,5,15,3
1159,4,1.0,926.6666666666667,5,5,3
1160,4,1.0,434.5679012345679,1,15,3
1162,4,1.0,1266.6666666666667,1,13,3
1163,4,1.0,1080.0,1,11,3
1164,4,1.0,460.0,1,14,3
1165,4,1.0,434.5679012345679,1,12,3
1167,4,1.0,240.0,1,8,1
1171,4,1.0,247.9,1,2,1
1173,4,1.0,264.9,1,7,1
1174,4,1.0,134.89726027397262,1,7,1
1178,4,1.0,345.0,2,3,1
1189,4,1.0,389.0,4,3,1
1191,4,1.0,285.0,4,7,1
1194,4,1.0,427.3648648648648,4,8,1
1195,4,1.0,500.0,5,5,3
1198,4,1.0,463.33333333333337,5,15,3
1199,4,1.0,1187.5,5,5,3
